# x_axis, ur_accuracies, ur_fairness, rs_accuracies, rs_fairness, nonal_accuracies, nonal_fairness
10,51.362398,0.003969,51.362398,0.003969,51.362398,0.003969
210,53.269755,0.002308,63.283379,0.020414,63.760218,0.018773
