# x_axis, ur_accuracies, ur_fairness, rs_accuracies, rs_fairness, nonal_accuracies, nonal_fairness
10,47.411444,0.000089,47.411444,0.000089,47.411444,0.000089
210,62.057221,0.009002,67.234332,0.017843,63.555858,0.018627
