# x_axis, ur_accuracies, ur_fairness, rs_accuracies, rs_fairness, nonal_accuracies, nonal_fairness
10,47.411444,0.000089,47.411444,0.000089,47.411444,0.000089
210,63.079019,0.010646,65.599455,0.019960,63.555858,0.018627
