# x_axis, ur_accuracies, ur_fairness, rs_accuracies, rs_fairness, nonal_accuracies, nonal_fairness
10,55.926431,0.006314,55.926431,0.006314,55.926431,0.006314
210,62.738420,0.015823,61.989101,0.014511,63.555858,0.018627
