# x_axis, ur_accuracies, ur_fairness, rs_accuracies, rs_fairness, nonal_accuracies, nonal_fairness
10,55.926431,0.006314,55.926431,0.006314,55.926431,0.006314
210,62.125341,0.016059,62.670300,0.017567,63.555858,0.018627
