# x_axis, ur_accuracies, ur_fairness, rs_accuracies, rs_fairness, nonal_accuracies, nonal_fairness
10,71.200000,0.009567,71.200000,0.009567,71.200000,0.009567
110,83.200000,0.051896,84.800000,0.057063,84.000000,0.045586
