# x_axis, ur_accuracies, ur_fairness, rs_accuracies, rs_fairness, nonal_accuracies, nonal_fairness
10,52.588556,0.000451,52.588556,0.000451,52.588556,0.000451
1010,67.711172,0.016970,68.051771,0.020882,67.643052,0.021272
