# x_axis, ur_accuracies, ur_fairness, rs_accuracies, rs_fairness, nonal_accuracies, nonal_fairness
10,52.588556,0.000451,52.588556,0.000451,52.588556,0.000451
1010,67.506812,0.016467,67.438692,0.018432,67.643052,0.021272
