# x_axis, ur_accuracies, ur_fairness, rs_accuracies, rs_fairness, nonal_accuracies, nonal_fairness
10,52.588556,0.000451,52.588556,0.000451,52.588556,0.000451
1010,67.847411,0.018326,66.212534,0.020756,67.643052,0.021272
