# x_axis, ur_accuracies, ur_fairness, rs_accuracies, rs_fairness, nonal_accuracies, nonal_fairness
10,52.588556,0.000451,52.588556,0.000451,52.588556,0.000451
1010,66.621253,0.019073,66.485014,0.021461,67.643052,0.021272
