# x_axis, ur_accuracies, ur_fairness, rs_accuracies, rs_fairness, nonal_accuracies, nonal_fairness
10,42.711172,0.009299,42.711172,0.009299,42.711172,0.009299
1010,62.329700,0.002357,67.302452,0.017217,67.643052,0.023679
