# x_axis, ur_accuracies, ur_fairness, rs_accuracies, rs_fairness, nonal_accuracies, nonal_fairness
10,42.711172,0.009299,42.711172,0.009299,42.711172,0.009299
1010,62.465940,0.002124,66.757493,0.019525,67.643052,0.023679
