# x_axis, ur_accuracies, ur_fairness, rs_accuracies, rs_fairness, nonal_accuracies, nonal_fairness
10,65.600000,0.000024,65.600000,0.000024,65.600000,0.000024
110,84.800000,0.004096,84.800000,0.007910,83.200000,0.049368
