# x_axis, ur_accuracies, ur_fairness, rs_accuracies, rs_fairness, nonal_accuracies, nonal_fairness
10,51.430518,0.001174,51.430518,0.001174,51.430518,0.001174
210,48.705722,0.004850,63.692098,0.016769,63.555858,0.018627
