# x_axis, ur_accuracies, ur_fairness, rs_accuracies, rs_fairness, nonal_accuracies, nonal_fairness
10,45.980926,0.000256,45.980926,0.000256,45.980926,0.000256
1010,63.419619,0.008333,67.029973,0.022830,67.574932,0.022527
