# x_axis, ur_accuracies, ur_fairness, rs_accuracies, rs_fairness, nonal_accuracies, nonal_fairness
10,45.980926,0.000256,45.980926,0.000256,45.980926,0.000256
1010,63.487738,0.006217,67.711172,0.025350,67.574932,0.022527
