# x_axis, ur_accuracies, ur_fairness, rs_accuracies, rs_fairness, nonal_accuracies, nonal_fairness
10,45.980926,0.000256,45.980926,0.000256,45.980926,0.000256
1010,64.237057,0.008056,67.574932,0.021632,67.574932,0.022527
