# x_axis, ur_accuracies, ur_fairness, rs_accuracies, rs_fairness, nonal_accuracies, nonal_fairness
10,45.980926,0.000256,45.980926,0.000256,45.980926,0.000256
1010,66.280654,0.013342,66.825613,0.020564,67.574932,0.022527
