# x_axis, ur_accuracies, ur_fairness, rs_accuracies, rs_fairness, nonal_accuracies, nonal_fairness
10,45.980926,0.000256,45.980926,0.000256,45.980926,0.000256
1010,63.964578,0.007325,67.711172,0.020784,67.574932,0.022527
