# x_axis, ur_accuracies, ur_fairness, rs_accuracies, rs_fairness, nonal_accuracies, nonal_fairness
10,47.411444,0.000089,47.411444,0.000089,47.411444,0.000089
210,64.305177,0.010354,65.735695,0.015500,63.555858,0.018627
