# x_axis, ur_accuracies, ur_fairness, rs_accuracies, rs_fairness, nonal_accuracies, nonal_fairness
10,47.411444,0.000089,47.411444,0.000089,47.411444,0.000089
210,64.305177,0.010403,64.782016,0.015598,63.555858,0.018627
