# x_axis, ur_accuracies, ur_fairness, rs_accuracies, rs_fairness, nonal_accuracies, nonal_fairness
10,47.411444,0.000089,47.411444,0.000089,47.411444,0.000089
210,63.351499,0.010313,62.397820,0.023833,63.555858,0.018627
