# x_axis, ur_accuracies, ur_fairness, rs_accuracies, rs_fairness, nonal_accuracies, nonal_fairness
10,52.800000,0.042470,52.800000,0.042470,52.800000,0.042470
110,80.000000,0.022143,84.800000,0.028129,82.400000,0.014402
