# x_axis, ur_accuracies, ur_fairness, rs_accuracies, rs_fairness, nonal_accuracies, nonal_fairness
10,52.800000,0.000428,52.800000,0.000428,52.800000,0.000428
110,83.200000,0.008497,85.600000,0.014402,83.200000,0.041847
