# x_axis, ur_accuracies, ur_fairness, rs_accuracies, rs_fairness, nonal_accuracies, nonal_fairness
10,52.800000,0.000428,52.800000,0.000428,52.800000,0.000428
110,78.400000,0.013955,86.400000,0.005970,83.200000,0.041847
