# x_axis, ur_accuracies, ur_fairness, rs_accuracies, rs_fairness, nonal_accuracies, nonal_fairness
10,56.471390,0.016554,56.471390,0.016554,56.471390,0.016554
210,58.242507,0.011422,64.918256,0.018444,63.555858,0.018627
