# x_axis, ur_accuracies, ur_fairness, rs_accuracies, rs_fairness, nonal_accuracies, nonal_fairness
10,65.600000,0.000024,65.600000,0.000024,65.600000,0.000024
110,86.400000,0.001313,83.200000,0.011968,83.200000,0.049368
