# x_axis, ur_accuracies, ur_fairness, rs_accuracies, rs_fairness, nonal_accuracies, nonal_fairness
10,55.108992,0.006912,55.108992,0.006912,55.108992,0.006912
4310,68.256131,0.026473,68.051771,0.026734,67.983651,0.026850
