# x_axis, ur_accuracies, ur_fairness, rs_accuracies, rs_fairness, nonal_accuracies, nonal_fairness
10,55.108992,0.006912,55.108992,0.006912,55.108992,0.006912
4310,68.051771,0.027409,68.119891,0.026767,67.983651,0.026850
