# x_axis, ur_accuracies, ur_fairness, rs_accuracies, rs_fairness, nonal_accuracies, nonal_fairness
10,55.108992,0.006912,55.108992,0.006912,55.108992,0.006912
4310,68.324251,0.026734,67.847411,0.026654,67.983651,0.026850
