# x_axis, ur_accuracies, ur_fairness, rs_accuracies, rs_fairness, nonal_accuracies, nonal_fairness
10,52.179837,0.008067,52.179837,0.008067,52.179837,0.008067
210,59.741144,0.008426,60.354223,0.021283,64.100817,0.019457
