# x_axis, ur_accuracies, ur_fairness, rs_accuracies, rs_fairness, nonal_accuracies, nonal_fairness
10,51.362398,0.003969,51.362398,0.003969,51.362398,0.003969
210,52.929155,0.003020,64.782016,0.016870,63.760218,0.018773
