# x_axis, ur_accuracies, ur_fairness, rs_accuracies, rs_fairness, nonal_accuracies, nonal_fairness
10,51.362398,0.003969,51.362398,0.003969,51.362398,0.003969
210,52.929155,0.002970,64.100817,0.019350,63.760218,0.018773
