# x_axis, ur_accuracies, ur_fairness, rs_accuracies, rs_fairness, nonal_accuracies, nonal_fairness
10,60.762943,0.014920,60.762943,0.014920,60.762943,0.014920
1010,66.757493,0.019336,66.893733,0.018398,67.506812,0.021408
