# x_axis, ur_accuracies, ur_fairness, rs_accuracies, rs_fairness, nonal_accuracies, nonal_fairness
10,55.926431,0.006314,55.926431,0.006314,55.926431,0.006314
210,61.716621,0.013970,63.147139,0.013062,63.555858,0.018627
