# x_axis, ur_accuracies, ur_fairness, rs_accuracies, rs_fairness, nonal_accuracies, nonal_fairness
10,55.926431,0.006314,55.926431,0.006314,55.926431,0.006314
210,62.806540,0.014799,59.196185,0.012253,63.555858,0.018627
