# x_axis, ur_accuracies, ur_fairness, rs_accuracies, rs_fairness, nonal_accuracies, nonal_fairness
10,72.000000,0.000801,72.000000,0.000801,72.000000,0.000801
110,84.800000,0.021645,81.600000,0.007910,80.000000,0.022330
