# x_axis, ur_accuracies, ur_fairness, rs_accuracies, rs_fairness, nonal_accuracies, nonal_fairness
10,47.752044,0.002500,47.752044,0.002500,47.752044,0.002500
210,59.673025,0.017752,66.212534,0.019074,63.555858,0.018627
