# x_axis, ur_accuracies, ur_fairness, rs_accuracies, rs_fairness, nonal_accuracies, nonal_fairness
10,47.752044,0.002500,47.752044,0.002500,47.752044,0.002500
210,59.604905,0.018716,65.599455,0.020864,63.555858,0.018627
