# x_axis, ur_accuracies, ur_fairness, rs_accuracies, rs_fairness, nonal_accuracies, nonal_fairness
10,56.800000,0.000795,56.800000,0.000795,56.800000,0.000795
110,75.200000,0.002359,81.600000,0.049368,84.000000,0.045586
