# x_axis, ur_accuracies, ur_fairness, rs_accuracies, rs_fairness, nonal_accuracies, nonal_fairness
10,56.800000,0.000795,56.800000,0.000795,56.800000,0.000795
110,75.200000,0.002359,84.800000,0.007910,84.000000,0.045586
