# x_axis, ur_accuracies, ur_fairness, rs_accuracies, rs_fairness, nonal_accuracies, nonal_fairness
10,52.724796,0.001038,52.724796,0.001038,52.724796,0.001038
30,56.948229,0.000862,52.861035,0.000090,58.378747,0.008790
50,55.790191,0.006281,57.561308,0.003366,57.901907,0.003310
70,61.171662,0.013296,60.354223,0.005289,56.267030,0.001369
90,58.378747,0.009185,60.149864,0.009922,59.809264,0.004597
