# x_axis, ur_accuracies, ur_fairness, rs_accuracies, rs_fairness, nonal_accuracies, nonal_fairness
10,58.651226,0.004663,58.651226,0.004663,58.651226,0.004663
30,56.811989,0.003333,58.651226,0.010618,58.378747,0.008790
50,57.288828,0.007024,59.196185,0.010721,57.901907,0.003310
70,58.174387,0.014325,60.217984,0.012053,56.267030,0.001369
90,59.809264,0.008103,60.558583,0.012193,59.809264,0.004597
