# x_axis, ur_accuracies, ur_fairness, rs_accuracies, rs_fairness, nonal_accuracies, nonal_fairness
10,46.049046,0.000150,46.049046,0.000150,46.049046,0.000150
30,60.967302,0.013822,51.498638,0.000039,58.378747,0.008790
50,57.765668,0.006944,51.158038,0.000692,57.901907,0.003310
70,53.337875,0.010332,54.087193,0.001315,56.267030,0.001369
90,57.016349,0.017634,56.743869,0.010394,59.809264,0.004597
