# x_axis, ur_accuracies, ur_fairness, rs_accuracies, rs_fairness, nonal_accuracies, nonal_fairness
10,50.681199,0.007413,50.681199,0.007413,50.681199,0.007413
30,48.297003,0.005134,56.335150,0.010886,58.378747,0.008790
50,48.978202,0.006878,56.607629,0.004143,57.901907,0.003310
70,50.544959,0.005528,58.174387,0.005352,56.267030,0.001369
90,53.133515,0.009469,59.877384,0.008212,59.809264,0.004597
