# x_axis, ur_accuracies, ur_fairness, rs_accuracies, rs_fairness, nonal_accuracies, nonal_fairness
10,46.525886,0.004576,46.525886,0.004576,46.525886,0.004576
30,52.724796,0.000000,51.702997,0.000033,58.378747,0.008790
50,59.128065,0.010171,47.956403,0.000558,57.901907,0.003310
70,63.828338,0.019796,47.479564,0.002985,56.267030,0.001369
90,58.514986,0.008864,49.931880,0.000000,59.809264,0.004597
