# x_axis, ur_accuracies, ur_fairness, rs_accuracies, rs_fairness, nonal_accuracies, nonal_fairness
10,53.133515,0.003059,53.133515,0.003059,53.133515,0.003059
30,55.858311,0.002123,57.493188,0.002173,58.378747,0.008790
50,56.130790,0.005217,55.722071,0.002575,57.901907,0.003310
70,59.809264,0.011258,60.286104,0.003817,56.267030,0.001369
90,57.697548,0.007825,55.994550,0.008210,60.013624,0.003138
