# x_axis, ur_accuracies, ur_fairness, rs_accuracies, rs_fairness, nonal_accuracies, nonal_fairness
10,55.994550,0.000326,55.994550,0.000326,55.994550,0.000326
30,56.811989,0.000025,57.084469,0.000662,58.378747,0.008790
50,50.544959,0.001344,58.991826,0.005748,57.901907,0.003310
70,50.204360,0.001403,58.514986,0.009322,56.267030,0.001369
90,53.133515,0.011943,59.332425,0.008713,59.809264,0.004597
