# x_axis, ur_accuracies, ur_fairness, rs_accuracies, rs_fairness, nonal_accuracies, nonal_fairness
10,56.539510,0.008580,56.539510,0.008580,56.539510,0.008580
30,55.449591,0.003196,61.989101,0.011466,58.378747,0.008790
50,55.040872,0.003374,64.577657,0.022879,57.901907,0.003310
70,56.062670,0.003129,60.217984,0.013333,55.381471,0.000154
90,57.833787,0.002654,63.079019,0.017080,59.741144,0.003816
