# x_axis, ur_accuracies, ur_fairness, rs_accuracies, rs_fairness, nonal_accuracies, nonal_fairness
10,56.471390,0.016554,56.471390,0.016554,56.471390,0.016554
210,56.130790,0.009467,64.032698,0.020161,63.555858,0.018627
