# x_axis, ur_accuracies, ur_fairness, rs_accuracies, rs_fairness, nonal_accuracies, nonal_fairness
10,56.471390,0.016554,56.471390,0.016554,56.471390,0.016554
210,58.719346,0.009936,63.487738,0.013729,63.555858,0.018627
