# x_axis, ur_accuracies, ur_fairness, rs_accuracies, rs_fairness, nonal_accuracies, nonal_fairness
10,56.471390,0.016554,56.471390,0.016554,56.471390,0.016554
210,56.539510,0.009270,63.079019,0.015923,63.555858,0.018627
