# x_axis, ur_accuracies, ur_fairness, rs_accuracies, rs_fairness, nonal_accuracies, nonal_fairness
10,53.133515,0.004269,53.133515,0.004269,53.133515,0.004269
1010,64.782016,0.018923,66.961853,0.023354,67.574932,0.021173
