# x_axis, ur_accuracies, ur_fairness, rs_accuracies, rs_fairness, nonal_accuracies, nonal_fairness
10,53.133515,0.004269,53.133515,0.004269,53.133515,0.004269
1010,64.168937,0.017864,67.779292,0.020544,67.574932,0.021173
