# x_axis, ur_accuracies, ur_fairness, rs_accuracies, rs_fairness, nonal_accuracies, nonal_fairness
10,56.471390,0.000201,56.471390,0.000201,56.471390,0.000201
1010,63.623978,0.011549,67.029973,0.025341,67.643052,0.023188
