# x_axis, ur_accuracies, ur_fairness, rs_accuracies, rs_fairness, nonal_accuracies, nonal_fairness
10,56.471390,0.000201,56.471390,0.000201,56.471390,0.000201
1010,65.940054,0.012441,67.166213,0.022079,67.643052,0.023188
