# x_axis, ur_accuracies, ur_fairness, rs_accuracies, rs_fairness, nonal_accuracies, nonal_fairness
10,56.471390,0.000201,56.471390,0.000201,56.471390,0.000201
1010,63.828338,0.012694,66.008174,0.020767,67.643052,0.023188
