# x_axis, ur_accuracies, ur_fairness, rs_accuracies, rs_fairness, nonal_accuracies, nonal_fairness
10,56.471390,0.000201,56.471390,0.000201,56.471390,0.000201
1010,62.942779,0.010106,66.689373,0.023684,67.643052,0.023188
