# x_axis, ur_accuracies, ur_fairness, rs_accuracies, rs_fairness, nonal_accuracies, nonal_fairness
10,56.471390,0.000201,56.471390,0.000201,56.471390,0.000201
1010,63.487738,0.011644,66.893733,0.025993,67.643052,0.023188
