# x_axis, ur_accuracies, ur_fairness, rs_accuracies, rs_fairness, nonal_accuracies, nonal_fairness
10,60.899183,0.013057,60.899183,0.013057,60.899183,0.013057
1010,63.283379,0.009098,67.506812,0.025505,67.506812,0.022220
