# x_axis, ur_accuracies, ur_fairness, rs_accuracies, rs_fairness, nonal_accuracies, nonal_fairness
10,60.899183,0.013057,60.899183,0.013057,60.899183,0.013057
1010,64.645777,0.016320,67.711172,0.027652,67.506812,0.022220
