# x_axis, ur_accuracies, ur_fairness, rs_accuracies, rs_fairness, nonal_accuracies, nonal_fairness
10,50.204360,0.001757,50.204360,0.001757,50.204360,0.001757
210,53.405995,0.002328,62.534060,0.020776,63.555858,0.018627
