# x_axis, ur_accuracies, ur_fairness, rs_accuracies, rs_fairness, nonal_accuracies, nonal_fairness
10,50.204360,0.001757,50.204360,0.001757,50.204360,0.001757
210,52.588556,0.001455,61.171662,0.015538,63.555858,0.018627
