# x_axis, ur_accuracies, ur_fairness, rs_accuracies, rs_fairness, nonal_accuracies, nonal_fairness
10,67.200000,0.075685,67.200000,0.075685,67.200000,0.075685
110,84.000000,0.021622,82.400000,0.041142,83.200000,0.049368
