# x_axis, ur_accuracies, ur_fairness, rs_accuracies, rs_fairness, nonal_accuracies, nonal_fairness
10,67.200000,0.075685,67.200000,0.075685,67.200000,0.075685
110,84.000000,0.021622,80.800000,0.010376,83.200000,0.049368
