# x_axis, ur_accuracies, ur_fairness, rs_accuracies, rs_fairness, nonal_accuracies, nonal_fairness
10,52.179837,0.008067,52.179837,0.008067,52.179837,0.008067
210,57.493188,0.004808,63.555858,0.021883,64.100817,0.019457
