# x_axis, ur_accuracies, ur_fairness, rs_accuracies, rs_fairness, nonal_accuracies, nonal_fairness
10,52.179837,0.008067,52.179837,0.008067,52.179837,0.008067
210,58.514986,0.007009,59.945504,0.024968,64.100817,0.019457
