# x_axis, ur_accuracies, ur_fairness, rs_accuracies, rs_fairness, nonal_accuracies, nonal_fairness
10,52.179837,0.008067,52.179837,0.008067,52.179837,0.008067
210,56.948229,0.004358,61.103542,0.011640,64.100817,0.019457
