# x_axis, ur_accuracies, ur_fairness, rs_accuracies, rs_fairness, nonal_accuracies, nonal_fairness
10,55.653951,0.004685,55.653951,0.004685,55.653951,0.004685
1010,64.986376,0.016144,67.370572,0.021475,67.506812,0.021744
