# x_axis, ur_accuracies, ur_fairness, rs_accuracies, rs_fairness, nonal_accuracies, nonal_fairness
10,55.653951,0.004685,55.653951,0.004685,55.653951,0.004685
1010,67.506812,0.030955,67.779292,0.020227,67.506812,0.021744
