# x_axis, ur_accuracies, ur_fairness, rs_accuracies, rs_fairness, nonal_accuracies, nonal_fairness
10,55.653951,0.004685,55.653951,0.004685,55.653951,0.004685
1010,63.147139,0.012136,66.008174,0.019322,67.506812,0.021744
