# x_axis, ur_accuracies, ur_fairness, rs_accuracies, rs_fairness, nonal_accuracies, nonal_fairness
10,55.653951,0.004685,55.653951,0.004685,55.653951,0.004685
1010,65.395095,0.017086,67.915531,0.020933,67.506812,0.021744
