# x_axis, ur_accuracies, ur_fairness, rs_accuracies, rs_fairness, nonal_accuracies, nonal_fairness
10,59.200000,0.007659,59.200000,0.007659,59.200000,0.007659
110,72.800000,0.000144,82.400000,0.005396,83.200000,0.041847
