# x_axis, ur_accuracies, ur_fairness, rs_accuracies, rs_fairness, nonal_accuracies, nonal_fairness
10,59.200000,0.007659,59.200000,0.007659,59.200000,0.007659
110,73.600000,0.000477,85.600000,0.037508,83.200000,0.041847
