# x_axis, ur_accuracies, ur_fairness, rs_accuracies, rs_fairness, nonal_accuracies, nonal_fairness
10,60.762943,0.014920,60.762943,0.014920,60.762943,0.014920
1010,65.735695,0.021345,66.961853,0.025107,67.506812,0.021408
