# x_axis, ur_accuracies, ur_fairness, rs_accuracies, rs_fairness, nonal_accuracies, nonal_fairness
10,51.430518,0.001174,51.430518,0.001174,51.430518,0.001174
210,48.910082,0.005038,63.351499,0.024286,63.555858,0.018627
