# x_axis, ur_accuracies, ur_fairness, rs_accuracies, rs_fairness, nonal_accuracies, nonal_fairness
10,51.430518,0.001174,51.430518,0.001174,51.430518,0.001174
210,49.659401,0.004758,64.168937,0.011754,63.555858,0.018627
