# x_axis, ur_accuracies, ur_fairness, rs_accuracies, rs_fairness, nonal_accuracies, nonal_fairness
10,51.430518,0.001174,51.430518,0.001174,51.430518,0.001174
210,47.820163,0.001642,62.329700,0.009773,63.555858,0.018627
