# x_axis, ur_accuracies, ur_fairness, rs_accuracies, rs_fairness, nonal_accuracies, nonal_fairness
10,51.430518,0.001174,51.430518,0.001174,51.430518,0.001174
210,49.659401,0.005349,61.512262,0.021343,63.555858,0.018627
