# x_axis, ur_accuracies, ur_fairness, rs_accuracies, rs_fairness, nonal_accuracies, nonal_fairness
10,47.752044,0.002500,47.752044,0.002500,47.752044,0.002500
210,58.174387,0.018966,64.713896,0.020185,63.555858,0.018627
