# x_axis, ur_accuracies, ur_fairness, rs_accuracies, rs_fairness, nonal_accuracies, nonal_fairness
10,44.959128,0.000067,44.959128,0.000067,44.959128,0.000067
1010,66.689373,0.024412,67.847411,0.025780,67.506812,0.021744
