# x_axis, ur_accuracies, ur_fairness, rs_accuracies, rs_fairness, nonal_accuracies, nonal_fairness
10,44.959128,0.000067,44.959128,0.000067,44.959128,0.000067
1010,67.029973,0.017862,66.689373,0.021978,67.506812,0.021744
