# x_axis, ur_accuracies, ur_fairness, rs_accuracies, rs_fairness, nonal_accuracies, nonal_fairness
10,44.959128,0.000067,44.959128,0.000067,44.959128,0.000067
1010,67.370572,0.019957,66.144414,0.021235,67.506812,0.021744
