# x_axis, ur_accuracies, ur_fairness, rs_accuracies, rs_fairness, nonal_accuracies, nonal_fairness
10,44.959128,0.000067,44.959128,0.000067,44.959128,0.000067
1010,67.438692,0.021935,66.280654,0.020544,67.506812,0.021744
