# x_axis, ur_accuracies, ur_fairness, rs_accuracies, rs_fairness, nonal_accuracies, nonal_fairness
10,44.959128,0.000067,44.959128,0.000067,44.959128,0.000067
1010,64.918256,0.031163,67.779292,0.022570,67.506812,0.021744
