# x_axis, ur_accuracies, ur_fairness, rs_accuracies, rs_fairness, nonal_accuracies, nonal_fairness
10,53.269755,0.000977,53.269755,0.000977,53.269755,0.000977
210,56.948229,0.000962,63.623978,0.018940,64.509537,0.019892
