# x_axis, ur_accuracies, ur_fairness, rs_accuracies, rs_fairness, nonal_accuracies, nonal_fairness
10,53.269755,0.000977,53.269755,0.000977,53.269755,0.000977
210,58.446866,0.001500,64.918256,0.020248,64.509537,0.019892
