# x_axis, ur_accuracies, ur_fairness, rs_accuracies, rs_fairness, nonal_accuracies, nonal_fairness
10,50.204360,0.001757,50.204360,0.001757,50.204360,0.001757
210,52.043597,0.001233,67.643052,0.019406,63.555858,0.018627
