# x_axis, ur_accuracies, ur_fairness, rs_accuracies, rs_fairness, nonal_accuracies, nonal_fairness
10,50.204360,0.001757,50.204360,0.001757,50.204360,0.001757
210,53.814714,0.004332,62.329700,0.011180,63.555858,0.018627
