# x_axis, ur_accuracies, ur_fairness, rs_accuracies, rs_fairness, nonal_accuracies, nonal_fairness
10,58.242507,0.002375,58.242507,0.002375,58.242507,0.002375
1010,66.689373,0.017758,67.574932,0.022944,67.438692,0.022600
