# x_axis, ur_accuracies, ur_fairness, rs_accuracies, rs_fairness, nonal_accuracies, nonal_fairness
10,58.242507,0.002375,58.242507,0.002375,58.242507,0.002375
1010,65.667575,0.013765,66.757493,0.025538,67.438692,0.022600
