# x_axis, ur_accuracies, ur_fairness, rs_accuracies, rs_fairness, nonal_accuracies, nonal_fairness
10,58.242507,0.002375,58.242507,0.002375,58.242507,0.002375
1010,65.531335,0.017434,66.825613,0.023101,67.438692,0.022600
