# x_axis, ur_accuracies, ur_fairness, rs_accuracies, rs_fairness, nonal_accuracies, nonal_fairness
10,58.242507,0.002375,58.242507,0.002375,58.242507,0.002375
1010,65.803815,0.013416,66.280654,0.022718,67.438692,0.022600
