# x_axis, ur_accuracies, ur_fairness, rs_accuracies, rs_fairness, nonal_accuracies, nonal_fairness
10,57.833787,0.002839,57.833787,0.002839,57.833787,0.002839
210,55.517711,0.008350,61.376022,0.017903,64.100817,0.018877
