# x_axis, ur_accuracies, ur_fairness, rs_accuracies, rs_fairness, nonal_accuracies, nonal_fairness
10,57.833787,0.002839,57.833787,0.002839,57.833787,0.002839
210,56.335150,0.003589,62.670300,0.014215,64.100817,0.018877
