# x_axis, ur_accuracies, ur_fairness, rs_accuracies, rs_fairness, nonal_accuracies, nonal_fairness
10,57.833787,0.002839,57.833787,0.002839,57.833787,0.002839
210,53.065395,0.000362,65.667575,0.017352,64.100817,0.018877
