# x_axis, ur_accuracies, ur_fairness, rs_accuracies, rs_fairness, nonal_accuracies, nonal_fairness
10,49.591281,0.006229,49.591281,0.006229,49.591281,0.006229
30,55.040872,0.001431,58.719346,0.009766,58.378747,0.008790
50,51.975477,0.003941,58.514986,0.018749,57.901907,0.003310
70,59.536785,0.005465,62.397820,0.014291,56.267030,0.001369
90,60.558583,0.008604,60.286104,0.013875,59.809264,0.004597
