# x_axis, ur_accuracies, ur_fairness, rs_accuracies, rs_fairness, nonal_accuracies, nonal_fairness
10,45.095368,0.000646,45.095368,0.000646,45.095368,0.000646
30,54.359673,0.007612,49.591281,0.000520,58.378747,0.008790
50,54.087193,0.005768,54.087193,0.001489,57.901907,0.003310
70,56.811989,0.006903,52.316076,0.001624,56.267030,0.001369
90,61.376022,0.016788,60.762943,0.018633,59.809264,0.004597
