# x_axis, ur_accuracies, ur_fairness, rs_accuracies, rs_fairness, nonal_accuracies, nonal_fairness
10,45.640327,0.000002,45.640327,0.000002,45.640327,0.000002
30,55.381471,0.010413,56.743869,0.017707,58.378747,0.008790
50,51.021798,0.004162,57.084469,0.009266,57.901907,0.003310
70,59.128065,0.009140,56.607629,0.009649,56.267030,0.001369
90,59.604905,0.016802,57.561308,0.010286,59.809264,0.004597
