# x_axis, ur_accuracies, ur_fairness, rs_accuracies, rs_fairness, nonal_accuracies, nonal_fairness
10,57.765668,0.003892,57.765668,0.003892,57.765668,0.003892
30,58.446866,0.008309,56.267030,0.007065,58.378747,0.008790
50,58.446866,0.013579,55.790191,0.006352,57.901907,0.003310
70,60.490463,0.012315,57.152589,0.006445,56.267030,0.001369
90,62.534060,0.010003,57.016349,0.008283,59.809264,0.004597
