# x_axis, ur_accuracies, ur_fairness, rs_accuracies, rs_fairness, nonal_accuracies, nonal_fairness
10,53.950954,0.000246,53.950954,0.000246,53.950954,0.000246
30,54.291553,0.000901,56.675749,0.009479,58.378747,0.008790
50,49.250681,0.005293,55.449591,0.009564,57.901907,0.003310
70,58.446866,0.004954,58.174387,0.013604,56.267030,0.001369
90,60.013624,0.006809,61.444142,0.015669,59.809264,0.004597
