# x_axis, ur_accuracies, ur_fairness, rs_accuracies, rs_fairness, nonal_accuracies, nonal_fairness
10,56.800000,0.027134,56.800000,0.027134,56.800000,0.027134
110,84.800000,0.021645,84.000000,0.009723,83.200000,0.049368
