# x_axis, ur_accuracies, ur_fairness, rs_accuracies, rs_fairness, nonal_accuracies, nonal_fairness
10,56.000000,0.017506,56.000000,0.017506,56.000000,0.017506
110,82.400000,0.014200,80.000000,0.021607,83.200000,0.049368
