# x_axis, ur_accuracies, ur_fairness, rs_accuracies, rs_fairness, nonal_accuracies, nonal_fairness
10,55.722071,0.007991,55.722071,0.007991,55.722071,0.007991
30,57.697548,0.007482,59.128065,0.007024,58.378747,0.008790
50,56.948229,0.001595,56.811989,0.004417,57.901907,0.003310
70,59.196185,0.021805,59.809264,0.009151,56.267030,0.001369
90,63.147139,0.016181,60.694823,0.014521,59.809264,0.004597
