# x_axis, ur_accuracies, ur_fairness, rs_accuracies, rs_fairness, nonal_accuracies, nonal_fairness
10,53.269755,0.000977,53.269755,0.000977,53.269755,0.000977
210,54.632153,0.001294,65.395095,0.025326,64.509537,0.019892
