# x_axis, ur_accuracies, ur_fairness, rs_accuracies, rs_fairness, nonal_accuracies, nonal_fairness
10,53.269755,0.000977,53.269755,0.000977,53.269755,0.000977
210,54.291553,0.001711,64.577657,0.009035,64.509537,0.019892
