# x_axis, ur_accuracies, ur_fairness, rs_accuracies, rs_fairness, nonal_accuracies, nonal_fairness
10,53.269755,0.000977,53.269755,0.000977,53.269755,0.000977
210,51.294278,0.003773,66.416894,0.015505,64.509537,0.019892
